{
  "project_info": {
    "project_number": "199840975346",
    "firebase_url": "https://chats-1cff4.firebaseio.com",
    "project_id": "chats-1cff4",
    "storage_bucket": "chats-1cff4.appspot.com"
  },
  "client": [
    {
      "client_info": {
        "mobilesdk_app_id": "1:199840975346:android:55fcda4812b9ea3e",
        "android_client_info": {
          "package_name": "com.example.chats"
        }
      },
      "oauth_client": [
        {
          "client_id": "199840975346-2cg0ra0gctdc56m7h2j8u050olmommr4.apps.googleusercontent.com",
          "client_type": 1,
          "android_info": {
            "package_name": "com.example.chats",
            "certificate_hash": "646e3b09db3000ec0816b667148679731523f440"
          }
        },
        {
          "client_id": "199840975346-c67dgfvb0hgqpdimegh1s2dfc2cur8mt.apps.googleusercontent.com",
          "client_type": 3
        }
      ],
      "api_key": [
        {
          "current_key": "AIzaSyBBFljS5MscIMPXjPBgbVQm9eRgpwRrtVc"
        }
      ],
      "services": {
        "appinvite_service": {
          "other_platform_oauth_client": [
            {
              "client_id": "199840975346-c67dgfvb0hgqpdimegh1s2dfc2cur8mt.apps.googleusercontent.com",
              "client_type": 3
            }
          ]
        }
      }
    }
  ],
  "configuration_version": "1"
}